location,date,inc
01,2022-09-03,23
01,2022-09-10,10
01,2022-09-17,17
01,2022-09-24,19
01,2022-10-01,23
01,2022-10-08,38
01,2022-10-15,81
01,2022-10-22,130
01,2022-10-29,249
01,2022-11-05,350
01,2022-11-12,312
01,2022-11-19,236
01,2022-11-26,237
01,2022-12-03,360
01,2022-12-10,234
01,2022-12-17,153
01,2022-12-24,153
01,2022-12-31,148
01,2023-01-07,125
01,2023-01-14,100
01,2023-01-21,57
01,2023-01-28,42
01,2023-02-04,36
01,2023-02-11,29
01,2023-02-18,30
01,2023-02-25,31
01,2023-03-04,16
01,2023-03-11,17
01,2023-03-18,22
01,2023-03-25,20
01,2023-04-01,27
01,2023-04-08,17
01,2023-04-15,16
01,2023-04-22,20
01,2023-04-29,13
01,2023-05-06,5
01,2023-05-13,14
01,2023-05-20,11
01,2023-05-27,11
01,2023-06-03,25
01,2023-06-10,14
01,2023-06-17,5
01,2023-06-24,11
01,2023-07-01,11
01,2023-07-08,3
01,2023-07-15,14
01,2023-07-22,15
01,2023-07-29,32
01,2023-08-05,13
01,2023-08-12,9
01,2023-08-19,9
01,2023-08-26,12
01,2023-09-02,12
01,2023-09-09,5
01,2023-09-16,20
01,2023-09-23,11
01,2023-09-30,23
01,2023-10-07,20
01,2023-10-14,26
01,2023-10-21,30
01,2023-10-28,32
01,2023-11-04,37
01,2023-11-11,59
02,2022-09-03,0
02,2022-09-10,5
02,2022-09-17,0
02,2022-09-24,0
02,2022-10-01,2
02,2022-10-08,0
02,2022-10-15,5
02,2022-10-22,1
02,2022-10-29,11
02,2022-11-05,15
02,2022-11-12,14
02,2022-11-19,38
02,2022-11-26,69
02,2022-12-03,53
02,2022-12-10,73
02,2022-12-17,51
02,2022-12-24,43
02,2022-12-31,43
02,2023-01-07,32
02,2023-01-14,7
02,2023-01-21,7
02,2023-01-28,5
02,2023-02-04,3
02,2023-02-11,1
02,2023-02-18,2
02,2023-02-25,5
02,2023-03-04,2
02,2023-03-11,4
02,2023-03-18,1
02,2023-03-25,3
02,2023-04-01,1
02,2023-04-08,2
02,2023-04-15,2
02,2023-04-22,1
02,2023-04-29,0
02,2023-05-06,5
02,2023-05-13,1
02,2023-05-20,0
02,2023-05-27,0
02,2023-06-03,3
02,2023-06-10,2
02,2023-06-17,6
02,2023-06-24,0
02,2023-07-01,4
02,2023-07-08,2
02,2023-07-15,2
02,2023-07-22,1
02,2023-07-29,0
02,2023-08-05,2
02,2023-08-12,1
02,2023-08-19,2
02,2023-08-26,0
02,2023-09-02,2
02,2023-09-09,2
02,2023-09-16,5
02,2023-09-23,6
02,2023-09-30,7
02,2023-10-07,10
02,2023-10-14,14
02,2023-10-21,21
02,2023-10-28,30
02,2023-11-04,33
02,2023-11-11,39
04,2022-09-03,17
04,2022-09-10,5
04,2022-09-17,7
04,2022-09-24,9
04,2022-10-01,10
04,2022-10-08,18
04,2022-10-15,11
04,2022-10-22,24
04,2022-10-29,29
04,2022-11-05,79
04,2022-11-12,136
04,2022-11-19,313
04,2022-11-26,577
04,2022-12-03,803
04,2022-12-10,784
04,2022-12-17,581
04,2022-12-24,587
04,2022-12-31,664
04,2023-01-07,388
04,2023-01-14,164
04,2023-01-21,119
04,2023-01-28,52
04,2023-02-04,63
04,2023-02-11,62
04,2023-02-18,38
04,2023-02-25,45
04,2023-03-04,50
04,2023-03-11,43
04,2023-03-18,55
04,2023-03-25,37
04,2023-04-01,26
04,2023-04-08,42
04,2023-04-15,47
04,2023-04-22,37
04,2023-04-29,42
04,2023-05-06,35
04,2023-05-13,55
04,2023-05-20,55
04,2023-05-27,66
04,2023-06-03,66
04,2023-06-10,61
04,2023-06-17,50
04,2023-06-24,48
04,2023-07-01,29
04,2023-07-08,34
04,2023-07-15,28
04,2023-07-22,13
04,2023-07-29,17
04,2023-08-05,11
04,2023-08-12,9
04,2023-08-19,6
04,2023-08-26,17
04,2023-09-02,13
04,2023-09-09,8
04,2023-09-16,10
04,2023-09-23,9
04,2023-09-30,21
04,2023-10-07,16
04,2023-10-14,21
04,2023-10-21,52
04,2023-10-28,49
04,2023-11-04,51
04,2023-11-11,132
05,2022-09-03,7
05,2022-09-10,6
05,2022-09-17,5
05,2022-09-24,7
05,2022-10-01,10
05,2022-10-08,22
05,2022-10-15,37
05,2022-10-22,47
05,2022-10-29,77
05,2022-11-05,134
05,2022-11-12,203
05,2022-11-19,214
05,2022-11-26,407
05,2022-12-03,466
05,2022-12-10,346
05,2022-12-17,251
05,2022-12-24,202
05,2022-12-31,204
05,2023-01-07,160
05,2023-01-14,105
05,2023-01-21,65
05,2023-01-28,35
05,2023-02-04,20
05,2023-02-11,33
05,2023-02-18,25
05,2023-02-25,30
05,2023-03-04,33
05,2023-03-11,23
05,2023-03-18,15
05,2023-03-25,18
05,2023-04-01,27
05,2023-04-08,16
05,2023-04-15,17
05,2023-04-22,8
05,2023-04-29,11
05,2023-05-06,9
05,2023-05-13,12
05,2023-05-20,9
05,2023-05-27,14
05,2023-06-03,6
05,2023-06-10,1
05,2023-06-17,5
05,2023-06-24,14
05,2023-07-01,6
05,2023-07-08,4
05,2023-07-15,8
05,2023-07-22,6
05,2023-07-29,5
05,2023-08-05,11
05,2023-08-12,10
05,2023-08-19,7
05,2023-08-26,9
05,2023-09-02,6
05,2023-09-09,8
05,2023-09-16,7
05,2023-09-23,6
05,2023-09-30,10
05,2023-10-07,17
05,2023-10-14,15
05,2023-10-21,18
05,2023-10-28,12
05,2023-11-04,18
05,2023-11-11,22
06,2022-09-03,33
06,2022-09-10,37
06,2022-09-17,21
06,2022-09-24,35
06,2022-10-01,68
06,2022-10-08,92
06,2022-10-15,87
06,2022-10-22,121
06,2022-10-29,199
06,2022-11-05,416
06,2022-11-12,858
06,2022-11-19,1499
06,2022-11-26,2631
06,2022-12-03,3160
06,2022-12-10,2406
06,2022-12-17,1635
06,2022-12-24,1600
06,2022-12-31,1420
06,2023-01-07,916
06,2023-01-14,412
06,2023-01-21,208
06,2023-01-28,127
06,2023-02-04,115
06,2023-02-11,93
06,2023-02-18,73
06,2023-02-25,79
06,2023-03-04,62
06,2023-03-11,47
06,2023-03-18,60
06,2023-03-25,36
06,2023-04-01,29
06,2023-04-08,45
06,2023-04-15,34
06,2023-04-22,37
06,2023-04-29,25
06,2023-05-06,22
06,2023-05-13,35
06,2023-05-20,25
06,2023-05-27,26
06,2023-06-03,49
06,2023-06-10,43
06,2023-06-17,36
06,2023-06-24,27
06,2023-07-01,49
06,2023-07-08,26
06,2023-07-15,53
06,2023-07-22,30
06,2023-07-29,37
06,2023-08-05,43
06,2023-08-12,35
06,2023-08-19,31
06,2023-08-26,29
06,2023-09-02,38
06,2023-09-09,42
06,2023-09-16,41
06,2023-09-23,51
06,2023-09-30,47
06,2023-10-07,45
06,2023-10-14,61
06,2023-10-21,51
06,2023-10-28,76
06,2023-11-04,100
06,2023-11-11,227
08,2022-09-03,1
08,2022-09-10,2
08,2022-09-17,3
08,2022-09-24,4
08,2022-10-01,3
08,2022-10-08,2
08,2022-10-15,3
08,2022-10-22,14
08,2022-10-29,27
08,2022-11-05,35
08,2022-11-12,58
08,2022-11-19,107
08,2022-11-26,148
08,2022-12-03,164
08,2022-12-10,237
08,2022-12-17,254
08,2022-12-24,342
08,2022-12-31,315
08,2023-01-07,158
08,2023-01-14,99
08,2023-01-21,37
08,2023-01-28,26
08,2023-02-04,38
08,2023-02-11,27
08,2023-02-18,17
08,2023-02-25,13
08,2023-03-04,19
08,2023-03-11,9
08,2023-03-18,12
08,2023-03-25,10
08,2023-04-01,6
08,2023-04-08,7
08,2023-04-15,18
08,2023-04-22,12
08,2023-04-29,9
08,2023-05-06,7
08,2023-05-13,7
08,2023-05-20,9
08,2023-05-27,10
08,2023-06-03,5
08,2023-06-10,3
08,2023-06-17,6
08,2023-06-24,3
08,2023-07-01,7
08,2023-07-08,3
08,2023-07-15,8
08,2023-07-22,4
08,2023-07-29,3
08,2023-08-05,3
08,2023-08-12,1
08,2023-08-19,0
08,2023-08-26,4
08,2023-09-02,3
08,2023-09-09,7
08,2023-09-16,2
08,2023-09-23,8
08,2023-09-30,12
08,2023-10-07,10
08,2023-10-14,15
08,2023-10-21,16
08,2023-10-28,19
08,2023-11-04,31
08,2023-11-11,52
09,2022-09-03,4
09,2022-09-10,3
09,2022-09-17,5
09,2022-09-24,3
09,2022-10-01,2
09,2022-10-08,2
09,2022-10-15,6
09,2022-10-22,11
09,2022-10-29,36
09,2022-11-05,38
09,2022-11-12,52
09,2022-11-19,103
09,2022-11-26,183
09,2022-12-03,426
09,2022-12-10,394
09,2022-12-17,391
09,2022-12-24,270
09,2022-12-31,241
09,2023-01-07,170
09,2023-01-14,79
09,2023-01-21,36
09,2023-01-28,33
09,2023-02-04,15
09,2023-02-11,15
09,2023-02-18,14
09,2023-02-25,17
09,2023-03-04,10
09,2023-03-11,19
09,2023-03-18,10
09,2023-03-25,13
09,2023-04-01,12
09,2023-04-08,22
09,2023-04-15,11
09,2023-04-22,8
09,2023-04-29,9
09,2023-05-06,7
09,2023-05-13,6
09,2023-05-20,9
09,2023-05-27,12
09,2023-06-03,4
09,2023-06-10,6
09,2023-06-17,6
09,2023-06-24,6
09,2023-07-01,6
09,2023-07-08,1
09,2023-07-15,2
09,2023-07-22,4
09,2023-07-29,5
09,2023-08-05,5
09,2023-08-12,7
09,2023-08-19,4
09,2023-08-26,8
09,2023-09-02,6
09,2023-09-09,1
09,2023-09-16,9
09,2023-09-23,16
09,2023-09-30,8
09,2023-10-07,4
09,2023-10-14,3
09,2023-10-21,1
09,2023-10-28,7
09,2023-11-04,12
09,2023-11-11,5
10,2022-09-03,3
10,2022-09-10,0
10,2022-09-17,2
10,2022-09-24,0
10,2022-10-01,0
10,2022-10-08,0
10,2022-10-15,0
10,2022-10-22,1
10,2022-10-29,4
10,2022-11-05,10
10,2022-11-12,13
10,2022-11-19,53
10,2022-11-26,39
10,2022-12-03,86
10,2022-12-10,30
10,2022-12-17,26
10,2022-12-24,29
10,2022-12-31,42
10,2023-01-07,45
10,2023-01-14,13
10,2023-01-21,6
10,2023-01-28,6
10,2023-02-04,14
10,2023-02-11,2
10,2023-02-18,1
10,2023-02-25,0
10,2023-03-04,5
10,2023-03-11,1
10,2023-03-18,0
10,2023-03-25,2
10,2023-04-01,2
10,2023-04-08,0
10,2023-04-15,0
10,2023-04-22,0
10,2023-04-29,1
10,2023-05-06,0
10,2023-05-13,1
10,2023-05-20,0
10,2023-05-27,0
10,2023-06-03,3
10,2023-06-10,0
10,2023-06-17,0
10,2023-06-24,0
10,2023-07-01,0
10,2023-07-08,0
10,2023-07-15,0
10,2023-07-22,2
10,2023-07-29,0
10,2023-08-05,0
10,2023-08-12,1
10,2023-08-19,0
10,2023-08-26,0
10,2023-09-02,0
10,2023-09-09,0
10,2023-09-16,0
10,2023-09-23,0
10,2023-09-30,0
10,2023-10-07,2
10,2023-10-14,0
10,2023-10-21,1
10,2023-10-28,1
10,2023-11-04,1
10,2023-11-11,1
11,2022-09-03,0
11,2022-09-10,0
11,2022-09-17,0
11,2022-09-24,1
11,2022-10-01,0
11,2022-10-08,1
11,2022-10-15,2
11,2022-10-22,5
11,2022-10-29,12
11,2022-11-05,33
11,2022-11-12,44
11,2022-11-19,37
11,2022-11-26,58
11,2022-12-03,66
11,2022-12-10,41
11,2022-12-17,23
11,2022-12-24,21
11,2022-12-31,32
11,2023-01-07,17
11,2023-01-14,6
11,2023-01-21,8
11,2023-01-28,7
11,2023-02-04,9
11,2023-02-11,5
11,2023-02-18,5
11,2023-02-25,4
11,2023-03-04,4
11,2023-03-11,2
11,2023-03-18,2
11,2023-03-25,3
11,2023-04-01,10
11,2023-04-08,4
11,2023-04-15,3
11,2023-04-22,3
11,2023-04-29,1
11,2023-05-06,0
11,2023-05-13,2
11,2023-05-20,2
11,2023-05-27,6
11,2023-06-03,3
11,2023-06-10,1
11,2023-06-17,1
11,2023-06-24,2
11,2023-07-01,1
11,2023-07-08,2
11,2023-07-15,2
11,2023-07-22,1
11,2023-07-29,1
11,2023-08-05,0
11,2023-08-12,1
11,2023-08-19,1
11,2023-08-26,2
11,2023-09-02,0
11,2023-09-09,1
11,2023-09-16,0
11,2023-09-23,1
11,2023-09-30,0
11,2023-10-07,2
11,2023-10-14,2
11,2023-10-21,4
11,2023-10-28,1
11,2023-11-04,0
11,2023-11-11,0
12,2022-09-03,68
12,2022-09-10,56
12,2022-09-17,79
12,2022-09-24,78
12,2022-10-01,78
12,2022-10-08,113
12,2022-10-15,101
12,2022-10-22,124
12,2022-10-29,241
12,2022-11-05,290
12,2022-11-12,456
12,2022-11-19,518
12,2022-11-26,746
12,2022-12-03,921
12,2022-12-10,789
12,2022-12-17,844
12,2022-12-24,1024
12,2022-12-31,1213
12,2023-01-07,1297
12,2023-01-14,728
12,2023-01-21,598
12,2023-01-28,427
12,2023-02-04,356
12,2023-02-11,300
12,2023-02-18,236
12,2023-02-25,215
12,2023-03-04,178
12,2023-03-11,180
12,2023-03-18,211
12,2023-03-25,158
12,2023-04-01,165
12,2023-04-08,185
12,2023-04-15,130
12,2023-04-22,152
12,2023-04-29,137
12,2023-05-06,128
12,2023-05-13,132
12,2023-05-20,140
12,2023-05-27,141
12,2023-06-03,150
12,2023-06-10,166
12,2023-06-17,151
12,2023-06-24,165
12,2023-07-01,158
12,2023-07-08,144
12,2023-07-15,138
12,2023-07-22,110
12,2023-07-29,132
12,2023-08-05,135
12,2023-08-12,133
12,2023-08-19,152
12,2023-08-26,164
12,2023-09-02,172
12,2023-09-09,150
12,2023-09-16,156
12,2023-09-23,172
12,2023-09-30,178
12,2023-10-07,230
12,2023-10-14,214
12,2023-10-21,291
12,2023-10-28,313
12,2023-11-04,442
12,2023-11-11,458
13,2022-09-03,20
13,2022-09-10,37
13,2022-09-17,36
13,2022-09-24,42
13,2022-10-01,49
13,2022-10-08,82
13,2022-10-15,108
13,2022-10-22,118
13,2022-10-29,178
13,2022-11-05,206
13,2022-11-12,241
13,2022-11-19,210
13,2022-11-26,214
13,2022-12-03,276
13,2022-12-10,182
13,2022-12-17,144
13,2022-12-24,160
13,2022-12-31,186
13,2023-01-07,173
13,2023-01-14,109
13,2023-01-21,80
13,2023-01-28,72
13,2023-02-04,87
13,2023-02-11,82
13,2023-02-18,75
13,2023-02-25,60
13,2023-03-04,54
13,2023-03-11,51
13,2023-03-18,53
13,2023-03-25,62
13,2023-04-01,54
13,2023-04-08,49
13,2023-04-15,29
13,2023-04-22,44
13,2023-04-29,43
13,2023-05-06,33
13,2023-05-13,50
13,2023-05-20,30
13,2023-05-27,37
13,2023-06-03,46
13,2023-06-10,55
13,2023-06-17,41
13,2023-06-24,38
13,2023-07-01,38
13,2023-07-08,23
13,2023-07-15,17
13,2023-07-22,17
13,2023-07-29,16
13,2023-08-05,19
13,2023-08-12,28
13,2023-08-19,19
13,2023-08-26,27
13,2023-09-02,30
13,2023-09-09,26
13,2023-09-16,28
13,2023-09-23,30
13,2023-09-30,36
13,2023-10-07,31
13,2023-10-14,35
13,2023-10-21,30
13,2023-10-28,36
13,2023-11-04,58
13,2023-11-11,112
15,2022-09-03,2
15,2022-09-10,1
15,2022-09-17,2
15,2022-09-24,3
15,2022-10-01,4
15,2022-10-08,5
15,2022-10-15,6
15,2022-10-22,3
15,2022-10-29,7
15,2022-11-05,7
15,2022-11-12,21
15,2022-11-19,15
15,2022-11-26,12
15,2022-12-03,9
15,2022-12-10,13
15,2022-12-17,14
15,2022-12-24,29
15,2022-12-31,34
15,2023-01-07,10
15,2023-01-14,9
15,2023-01-21,0
15,2023-01-28,9
15,2023-02-04,8
15,2023-02-11,10
15,2023-02-18,4
15,2023-02-25,5
15,2023-03-04,1
15,2023-03-11,3
15,2023-03-18,4
15,2023-03-25,1
15,2023-04-01,7
15,2023-04-08,3
15,2023-04-15,1
15,2023-04-22,2
15,2023-04-29,1
15,2023-05-06,0
15,2023-05-13,1
15,2023-05-20,3
15,2023-05-27,0
15,2023-06-03,4
15,2023-06-10,6
15,2023-06-17,8
15,2023-06-24,9
15,2023-07-01,10
15,2023-07-08,8
15,2023-07-15,6
15,2023-07-22,4
15,2023-07-29,4
15,2023-08-05,6
15,2023-08-12,4
15,2023-08-19,6
15,2023-08-26,6
15,2023-09-02,7
15,2023-09-09,5
15,2023-09-16,8
15,2023-09-23,5
15,2023-09-30,10
15,2023-10-07,10
15,2023-10-14,15
15,2023-10-21,13
15,2023-10-28,13
15,2023-11-04,14
15,2023-11-11,16
16,2022-09-03,3
16,2022-09-10,0
16,2022-09-17,0
16,2022-09-24,3
16,2022-10-01,3
16,2022-10-08,1
16,2022-10-15,1
16,2022-10-22,1
16,2022-10-29,1
16,2022-11-05,16
16,2022-11-12,11
16,2022-11-19,56
16,2022-11-26,141
16,2022-12-03,194
16,2022-12-10,185
16,2022-12-17,283
16,2022-12-24,203
16,2022-12-31,223
16,2023-01-07,112
16,2023-01-14,46
16,2023-01-21,35
16,2023-01-28,17
16,2023-02-04,3
16,2023-02-11,4
16,2023-02-18,8
16,2023-02-25,3
16,2023-03-04,3
16,2023-03-11,4
16,2023-03-18,6
16,2023-03-25,3
16,2023-04-01,3
16,2023-04-08,5
16,2023-04-15,2
16,2023-04-22,3
16,2023-04-29,7
16,2023-05-06,5
16,2023-05-13,9
16,2023-05-20,1
16,2023-05-27,2
16,2023-06-03,2
16,2023-06-10,1
16,2023-06-17,6
16,2023-06-24,1
16,2023-07-01,7
16,2023-07-08,3
16,2023-07-15,3
16,2023-07-22,1
16,2023-07-29,3
16,2023-08-05,2
16,2023-08-12,3
16,2023-08-19,3
16,2023-08-26,0
16,2023-09-02,0
16,2023-09-09,2
16,2023-09-16,0
16,2023-09-23,3
16,2023-09-30,2
16,2023-10-07,4
16,2023-10-14,2
16,2023-10-21,2
16,2023-10-28,4
16,2023-11-04,5
16,2023-11-11,4
17,2022-09-03,10
17,2022-09-10,5
17,2022-09-17,4
17,2022-09-24,15
17,2022-10-01,10
17,2022-10-08,12
17,2022-10-15,28
17,2022-10-22,39
17,2022-10-29,106
17,2022-11-05,161
17,2022-11-12,268
17,2022-11-19,400
17,2022-11-26,861
17,2022-12-03,1146
17,2022-12-10,984
17,2022-12-17,743
17,2022-12-24,592
17,2022-12-31,573
17,2023-01-07,442
17,2023-01-14,175
17,2023-01-21,69
17,2023-01-28,73
17,2023-02-04,28
17,2023-02-11,31
17,2023-02-18,28
17,2023-02-25,32
17,2023-03-04,24
17,2023-03-11,16
17,2023-03-18,12
17,2023-03-25,30
17,2023-04-01,28
17,2023-04-08,25
17,2023-04-15,35
17,2023-04-22,25
17,2023-04-29,18
17,2023-05-06,23
17,2023-05-13,30
17,2023-05-20,25
17,2023-05-27,28
17,2023-06-03,22
17,2023-06-10,21
17,2023-06-17,21
17,2023-06-24,13
17,2023-07-01,8
17,2023-07-08,11
17,2023-07-15,10
17,2023-07-22,12
17,2023-07-29,10
17,2023-08-05,12
17,2023-08-12,13
17,2023-08-19,9
17,2023-08-26,12
17,2023-09-02,9
17,2023-09-09,15
17,2023-09-16,18
17,2023-09-23,20
17,2023-09-30,18
17,2023-10-07,21
17,2023-10-14,18
17,2023-10-21,27
17,2023-10-28,20
17,2023-11-04,34
17,2023-11-11,57
18,2022-09-03,20
18,2022-09-10,26
18,2022-09-17,26
18,2022-09-24,32
18,2022-10-01,38
18,2022-10-08,46
18,2022-10-15,56
18,2022-10-22,70
18,2022-10-29,103
18,2022-11-05,143
18,2022-11-12,136
18,2022-11-19,235
18,2022-11-26,457
18,2022-12-03,833
18,2022-12-10,850
18,2022-12-17,681
18,2022-12-24,621
18,2022-12-31,567
18,2023-01-07,365
18,2023-01-14,173
18,2023-01-21,100
18,2023-01-28,71
18,2023-02-04,41
18,2023-02-11,41
18,2023-02-18,33
18,2023-02-25,42
18,2023-03-04,45
18,2023-03-11,32
18,2023-03-18,35
18,2023-03-25,21
18,2023-04-01,39
18,2023-04-08,18
18,2023-04-15,17
18,2023-04-22,10
18,2023-04-29,18
18,2023-05-06,21
18,2023-05-13,18
18,2023-05-20,19
18,2023-05-27,16
18,2023-06-03,15
18,2023-06-10,13
18,2023-06-17,13
18,2023-06-24,5
18,2023-07-01,9
18,2023-07-08,2
18,2023-07-15,2
18,2023-07-22,4
18,2023-07-29,4
18,2023-08-05,7
18,2023-08-12,9
18,2023-08-19,3
18,2023-08-26,11
18,2023-09-02,6
18,2023-09-09,5
18,2023-09-16,9
18,2023-09-23,14
18,2023-09-30,13
18,2023-10-07,8
18,2023-10-14,23
18,2023-10-21,25
18,2023-10-28,33
18,2023-11-04,43
18,2023-11-11,58
19,2022-09-03,3
19,2022-09-10,0
19,2022-09-17,1
19,2022-09-24,2
19,2022-10-01,9
19,2022-10-08,6
19,2022-10-15,7
19,2022-10-22,9
19,2022-10-29,17
19,2022-11-05,18
19,2022-11-12,20
19,2022-11-19,37
19,2022-11-26,104
19,2022-12-03,210
19,2022-12-10,233
19,2022-12-17,333
19,2022-12-24,330
19,2022-12-31,320
19,2023-01-07,218
19,2023-01-14,96
19,2023-01-21,43
19,2023-01-28,47
19,2023-02-04,13
19,2023-02-11,15
19,2023-02-18,9
19,2023-02-25,11
19,2023-03-04,6
19,2023-03-11,12
19,2023-03-18,7
19,2023-03-25,7
19,2023-04-01,4
19,2023-04-08,2
19,2023-04-15,5
19,2023-04-22,0
19,2023-04-29,12
19,2023-05-06,5
19,2023-05-13,5
19,2023-05-20,3
19,2023-05-27,4
19,2023-06-03,0
19,2023-06-10,4
19,2023-06-17,2
19,2023-06-24,1
19,2023-07-01,2
19,2023-07-08,2
19,2023-07-15,0
19,2023-07-22,2
19,2023-07-29,0
19,2023-08-05,1
19,2023-08-12,0
19,2023-08-19,2
19,2023-08-26,2
19,2023-09-02,4
19,2023-09-09,1
19,2023-09-16,0
19,2023-09-23,0
19,2023-09-30,4
19,2023-10-07,3
19,2023-10-14,1
19,2023-10-21,4
19,2023-10-28,4
19,2023-11-04,10
19,2023-11-11,13
20,2022-09-03,2
20,2022-09-10,1
20,2022-09-17,0
20,2022-09-24,1
20,2022-10-01,3
20,2022-10-08,7
20,2022-10-15,4
20,2022-10-22,17
20,2022-10-29,20
20,2022-11-05,35
20,2022-11-12,45
20,2022-11-19,65
20,2022-11-26,156
20,2022-12-03,305
20,2022-12-10,261
20,2022-12-17,226
20,2022-12-24,185
20,2022-12-31,186
20,2023-01-07,126
20,2023-01-14,55
20,2023-01-21,41
20,2023-01-28,23
20,2023-02-04,12
20,2023-02-11,10
20,2023-02-18,3
20,2023-02-25,9
20,2023-03-04,4
20,2023-03-11,6
20,2023-03-18,8
20,2023-03-25,6
20,2023-04-01,9
20,2023-04-08,5
20,2023-04-15,8
20,2023-04-22,2
20,2023-04-29,2
20,2023-05-06,3
20,2023-05-13,2
20,2023-05-20,5
20,2023-05-27,3
20,2023-06-03,4
20,2023-06-10,4
20,2023-06-17,2
20,2023-06-24,2
20,2023-07-01,3
20,2023-07-08,1
20,2023-07-15,4
20,2023-07-22,0
20,2023-07-29,2
20,2023-08-05,1
20,2023-08-12,2
20,2023-08-19,1
20,2023-08-26,2
20,2023-09-02,3
20,2023-09-09,7
20,2023-09-16,3
20,2023-09-23,4
20,2023-09-30,6
20,2023-10-07,10
20,2023-10-14,4
20,2023-10-21,7
20,2023-10-28,5
20,2023-11-04,6
20,2023-11-11,10
21,2022-09-03,7
21,2022-09-10,18
21,2022-09-17,5
21,2022-09-24,10
21,2022-10-01,4
21,2022-10-08,7
21,2022-10-15,23
21,2022-10-22,13
21,2022-10-29,66
21,2022-11-05,124
21,2022-11-12,223
21,2022-11-19,291
21,2022-11-26,521
21,2022-12-03,852
21,2022-12-10,710
21,2022-12-17,437
21,2022-12-24,281
21,2022-12-31,243
21,2023-01-07,133
21,2023-01-14,63
21,2023-01-21,35
21,2023-01-28,34
21,2023-02-04,16
21,2023-02-11,29
21,2023-02-18,22
21,2023-02-25,11
21,2023-03-04,12
21,2023-03-11,15
21,2023-03-18,26
21,2023-03-25,14
21,2023-04-01,16
21,2023-04-08,19
21,2023-04-15,14
21,2023-04-22,12
21,2023-04-29,4
21,2023-05-06,16
21,2023-05-13,15
21,2023-05-20,11
21,2023-05-27,11
21,2023-06-03,5
21,2023-06-10,10
21,2023-06-17,8
21,2023-06-24,6
21,2023-07-01,5
21,2023-07-08,8
21,2023-07-15,6
21,2023-07-22,3
21,2023-07-29,9
21,2023-08-05,9
21,2023-08-12,5
21,2023-08-19,12
21,2023-08-26,7
21,2023-09-02,10
21,2023-09-09,19
21,2023-09-16,5
21,2023-09-23,13
21,2023-09-30,14
21,2023-10-07,12
21,2023-10-14,23
21,2023-10-21,20
21,2023-10-28,23
21,2023-11-04,21
21,2023-11-11,37
22,2022-09-03,8
22,2022-09-10,15
22,2022-09-17,20
22,2022-09-24,20
22,2022-10-01,39
22,2022-10-08,41
22,2022-10-15,69
22,2022-10-22,97
22,2022-10-29,176
22,2022-11-05,180
22,2022-11-12,167
22,2022-11-19,173
22,2022-11-26,217
22,2022-12-03,297
22,2022-12-10,277
22,2022-12-17,139
22,2022-12-24,155
22,2022-12-31,166
22,2023-01-07,172
22,2023-01-14,85
22,2023-01-21,83
22,2023-01-28,42
22,2023-02-04,34
22,2023-02-11,50
22,2023-02-18,33
22,2023-02-25,22
22,2023-03-04,25
22,2023-03-11,22
22,2023-03-18,21
22,2023-03-25,24
22,2023-04-01,27
22,2023-04-08,18
22,2023-04-15,14
22,2023-04-22,25
22,2023-04-29,21
22,2023-05-06,10
22,2023-05-13,18
22,2023-05-20,17
22,2023-05-27,11
22,2023-06-03,14
22,2023-06-10,14
22,2023-06-17,10
22,2023-06-24,8
22,2023-07-01,16
22,2023-07-08,13
22,2023-07-15,6
22,2023-07-22,7
22,2023-07-29,12
22,2023-08-05,11
22,2023-08-12,7
22,2023-08-19,11
22,2023-08-26,11
22,2023-09-02,14
22,2023-09-09,11
22,2023-09-16,13
22,2023-09-23,18
22,2023-09-30,16
22,2023-10-07,19
22,2023-10-14,28
22,2023-10-21,31
22,2023-10-28,46
22,2023-11-04,40
22,2023-11-11,65
23,2022-09-03,0
23,2022-09-10,0
23,2022-09-17,0
23,2022-09-24,0
23,2022-10-01,0
23,2022-10-08,1
23,2022-10-15,0
23,2022-10-22,0
23,2022-10-29,3
23,2022-11-05,3
23,2022-11-12,8
23,2022-11-19,14
23,2022-11-26,33
23,2022-12-03,100
23,2022-12-10,119
23,2022-12-17,183
23,2022-12-24,211
23,2022-12-31,192
23,2023-01-07,126
23,2023-01-14,57
23,2023-01-21,29
23,2023-01-28,14
23,2023-02-04,10
23,2023-02-11,6
23,2023-02-18,4
23,2023-02-25,0
23,2023-03-04,4
23,2023-03-11,0
23,2023-03-18,5
23,2023-03-25,1
23,2023-04-01,4
23,2023-04-08,3
23,2023-04-15,0
23,2023-04-22,5
23,2023-04-29,0
23,2023-05-06,2
23,2023-05-13,4
23,2023-05-20,5
23,2023-05-27,2
23,2023-06-03,3
23,2023-06-10,1
23,2023-06-17,0
23,2023-06-24,1
23,2023-07-01,2
23,2023-07-08,3
23,2023-07-15,0
23,2023-07-22,1
23,2023-07-29,3
23,2023-08-05,2
23,2023-08-12,0
23,2023-08-19,2
23,2023-08-26,0
23,2023-09-02,0
23,2023-09-09,0
23,2023-09-16,0
23,2023-09-23,1
23,2023-09-30,0
23,2023-10-07,5
23,2023-10-14,4
23,2023-10-21,2
23,2023-10-28,4
23,2023-11-04,1
23,2023-11-11,4
24,2022-09-03,0
24,2022-09-10,4
24,2022-09-17,8
24,2022-09-24,3
24,2022-10-01,7
24,2022-10-08,17
24,2022-10-15,27
24,2022-10-22,44
24,2022-10-29,105
24,2022-11-05,156
24,2022-11-12,216
24,2022-11-19,211
24,2022-11-26,313
24,2022-12-03,415
24,2022-12-10,332
24,2022-12-17,266
24,2022-12-24,245
24,2022-12-31,229
24,2023-01-07,165
24,2023-01-14,104
24,2023-01-21,68
24,2023-01-28,39
24,2023-02-04,52
24,2023-02-11,41
24,2023-02-18,26
24,2023-02-25,26
24,2023-03-04,13
24,2023-03-11,16
24,2023-03-18,12
24,2023-03-25,21
24,2023-04-01,10
24,2023-04-08,12
24,2023-04-15,13
24,2023-04-22,10
24,2023-04-29,10
24,2023-05-06,15
24,2023-05-13,11
24,2023-05-20,5
24,2023-05-27,6
24,2023-06-03,8
24,2023-06-10,5
24,2023-06-17,2
24,2023-06-24,9
24,2023-07-01,0
24,2023-07-08,3
24,2023-07-15,5
24,2023-07-22,4
24,2023-07-29,14
24,2023-08-05,7
24,2023-08-12,5
24,2023-08-19,6
24,2023-08-26,3
24,2023-09-02,5
24,2023-09-09,5
24,2023-09-16,2
24,2023-09-23,6
24,2023-09-30,4
24,2023-10-07,3
24,2023-10-14,3
24,2023-10-21,9
24,2023-10-28,10
24,2023-11-04,15
24,2023-11-11,19
25,2022-09-03,8
25,2022-09-10,4
25,2022-09-17,3
25,2022-09-24,4
25,2022-10-01,4
25,2022-10-08,6
25,2022-10-15,7
25,2022-10-22,9
25,2022-10-29,15
25,2022-11-05,30
25,2022-11-12,34
25,2022-11-19,74
25,2022-11-26,193
25,2022-12-03,415
25,2022-12-10,578
25,2022-12-17,659
25,2022-12-24,768
25,2022-12-31,768
25,2023-01-07,499
25,2023-01-14,255
25,2023-01-21,132
25,2023-01-28,76
25,2023-02-04,58
25,2023-02-11,59
25,2023-02-18,40
25,2023-02-25,21
25,2023-03-04,15
25,2023-03-11,18
25,2023-03-18,20
25,2023-03-25,19
25,2023-04-01,13
25,2023-04-08,11
25,2023-04-15,10
25,2023-04-22,9
25,2023-04-29,9
25,2023-05-06,10
25,2023-05-13,9
25,2023-05-20,13
25,2023-05-27,10
25,2023-06-03,9
25,2023-06-10,11
25,2023-06-17,12
25,2023-06-24,4
25,2023-07-01,7
25,2023-07-08,3
25,2023-07-15,7
25,2023-07-22,10
25,2023-07-29,4
25,2023-08-05,6
25,2023-08-12,10
25,2023-08-19,6
25,2023-08-26,8
25,2023-09-02,17
25,2023-09-09,8
25,2023-09-16,5
25,2023-09-23,10
25,2023-09-30,16
25,2023-10-07,14
25,2023-10-14,16
25,2023-10-21,14
25,2023-10-28,28
25,2023-11-04,33
25,2023-11-11,32
26,2022-09-03,1
26,2022-09-10,9
26,2022-09-17,2
26,2022-09-24,7
26,2022-10-01,4
26,2022-10-08,12
26,2022-10-15,15
26,2022-10-22,12
26,2022-10-29,48
26,2022-11-05,55
26,2022-11-12,89
26,2022-11-19,166
26,2022-11-26,290
26,2022-12-03,470
26,2022-12-10,611
26,2022-12-17,906
26,2022-12-24,1126
26,2022-12-31,1137
26,2023-01-07,714
26,2023-01-14,320
26,2023-01-21,172
26,2023-01-28,84
26,2023-02-04,87
26,2023-02-11,57
26,2023-02-18,60
26,2023-02-25,55
26,2023-03-04,51
26,2023-03-11,36
26,2023-03-18,33
26,2023-03-25,21
26,2023-04-01,17
26,2023-04-08,25
26,2023-04-15,16
26,2023-04-22,8
26,2023-04-29,7
26,2023-05-06,17
26,2023-05-13,17
26,2023-05-20,13
26,2023-05-27,18
26,2023-06-03,14
26,2023-06-10,14
26,2023-06-17,11
26,2023-06-24,14
26,2023-07-01,9
26,2023-07-08,5
26,2023-07-15,3
26,2023-07-22,3
26,2023-07-29,4
26,2023-08-05,4
26,2023-08-12,11
26,2023-08-19,18
26,2023-08-26,10
26,2023-09-02,12
26,2023-09-09,2
26,2023-09-16,9
26,2023-09-23,17
26,2023-09-30,12
26,2023-10-07,17
26,2023-10-14,20
26,2023-10-21,21
26,2023-10-28,12
26,2023-11-04,34
26,2023-11-11,30
27,2022-09-03,1
27,2022-09-10,1
27,2022-09-17,0
27,2022-09-24,2
27,2022-10-01,2
27,2022-10-08,12
27,2022-10-15,3
27,2022-10-22,14
27,2022-10-29,37
27,2022-11-05,83
27,2022-11-12,165
27,2022-11-19,243
27,2022-11-26,382
27,2022-12-03,443
27,2022-12-10,345
27,2022-12-17,247
27,2022-12-24,162
27,2022-12-31,177
27,2023-01-07,80
27,2023-01-14,47
27,2023-01-21,29
27,2023-01-28,18
27,2023-02-04,16
27,2023-02-11,7
27,2023-02-18,10
27,2023-02-25,6
27,2023-03-04,8
27,2023-03-11,5
27,2023-03-18,6
27,2023-03-25,4
27,2023-04-01,10
27,2023-04-08,12
27,2023-04-15,12
27,2023-04-22,8
27,2023-04-29,12
27,2023-05-06,19
27,2023-05-13,13
27,2023-05-20,8
27,2023-05-27,3
27,2023-06-03,1
27,2023-06-10,5
27,2023-06-17,8
27,2023-06-24,2
27,2023-07-01,0
27,2023-07-08,1
27,2023-07-15,0
27,2023-07-22,0
27,2023-07-29,3
27,2023-08-05,2
27,2023-08-12,0
27,2023-08-19,0
27,2023-08-26,3
27,2023-09-02,0
27,2023-09-09,0
27,2023-09-16,1
27,2023-09-23,4
27,2023-09-30,2
27,2023-10-07,3
27,2023-10-14,6
27,2023-10-21,4
27,2023-10-28,4
27,2023-11-04,9
27,2023-11-11,18
28,2022-09-03,22
28,2022-09-10,18
28,2022-09-17,36
28,2022-09-24,20
28,2022-10-01,29
28,2022-10-08,60
28,2022-10-15,67
28,2022-10-22,88
28,2022-10-29,148
28,2022-11-05,261
28,2022-11-12,244
28,2022-11-19,250
28,2022-11-26,272
28,2022-12-03,268
28,2022-12-10,179
28,2022-12-17,144
28,2022-12-24,86
28,2022-12-31,120
28,2023-01-07,88
28,2023-01-14,57
28,2023-01-21,52
28,2023-01-28,35
28,2023-02-04,29
28,2023-02-11,21
28,2023-02-18,28
28,2023-02-25,32
28,2023-03-04,34
28,2023-03-11,32
28,2023-03-18,22
28,2023-03-25,16
28,2023-04-01,19
28,2023-04-08,26
28,2023-04-15,16
28,2023-04-22,33
28,2023-04-29,16
28,2023-05-06,21
28,2023-05-13,24
28,2023-05-20,22
28,2023-05-27,20
28,2023-06-03,10
28,2023-06-10,17
28,2023-06-17,14
28,2023-06-24,13
28,2023-07-01,15
28,2023-07-08,14
28,2023-07-15,16
28,2023-07-22,11
28,2023-07-29,17
28,2023-08-05,9
28,2023-08-12,27
28,2023-08-19,35
28,2023-08-26,40
28,2023-09-02,43
28,2023-09-09,19
28,2023-09-16,24
28,2023-09-23,16
28,2023-09-30,20
28,2023-10-07,29
28,2023-10-14,22
28,2023-10-21,20
28,2023-10-28,18
28,2023-11-04,30
28,2023-11-11,37
29,2022-09-03,10
29,2022-09-10,4
29,2022-09-17,6
29,2022-09-24,8
29,2022-10-01,12
29,2022-10-08,6
29,2022-10-15,10
29,2022-10-22,23
29,2022-10-29,50
29,2022-11-05,69
29,2022-11-12,111
29,2022-11-19,191
29,2022-11-26,497
29,2022-12-03,860
29,2022-12-10,838
29,2022-12-17,756
29,2022-12-24,562
29,2022-12-31,640
29,2023-01-07,405
29,2023-01-14,195
29,2023-01-21,101
29,2023-01-28,73
29,2023-02-04,50
29,2023-02-11,41
29,2023-02-18,42
29,2023-02-25,36
29,2023-03-04,39
29,2023-03-11,35
29,2023-03-18,24
29,2023-03-25,32
29,2023-04-01,29
29,2023-04-08,29
29,2023-04-15,18
29,2023-04-22,19
29,2023-04-29,26
29,2023-05-06,27
29,2023-05-13,21
29,2023-05-20,22
29,2023-05-27,8
29,2023-06-03,8
29,2023-06-10,9
29,2023-06-17,10
29,2023-06-24,12
29,2023-07-01,7
29,2023-07-08,3
29,2023-07-15,13
29,2023-07-22,20
29,2023-07-29,10
29,2023-08-05,4
29,2023-08-12,9
29,2023-08-19,11
29,2023-08-26,7
29,2023-09-02,6
29,2023-09-09,12
29,2023-09-16,8
29,2023-09-23,16
29,2023-09-30,12
29,2023-10-07,24
29,2023-10-14,25
29,2023-10-21,17
29,2023-10-28,17
29,2023-11-04,27
29,2023-11-11,40
30,2022-09-03,0
30,2022-09-10,0
30,2022-09-17,1
30,2022-09-24,0
30,2022-10-01,2
30,2022-10-08,0
30,2022-10-15,0
30,2022-10-22,0
30,2022-10-29,3
30,2022-11-05,6
30,2022-11-12,11
30,2022-11-19,13
30,2022-11-26,44
30,2022-12-03,67
30,2022-12-10,103
30,2022-12-17,99
30,2022-12-24,60
30,2022-12-31,92
30,2023-01-07,60
30,2023-01-14,39
30,2023-01-21,16
30,2023-01-28,9
30,2023-02-04,9
30,2023-02-11,2
30,2023-02-18,6
30,2023-02-25,3
30,2023-03-04,6
30,2023-03-11,3
30,2023-03-18,2
30,2023-03-25,1
30,2023-04-01,1
30,2023-04-08,0
30,2023-04-15,0
30,2023-04-22,2
30,2023-04-29,0
30,2023-05-06,0
30,2023-05-13,0
30,2023-05-20,2
30,2023-05-27,3
30,2023-06-03,0
30,2023-06-10,2
30,2023-06-17,2
30,2023-06-24,1
30,2023-07-01,1
30,2023-07-08,0
30,2023-07-15,1
30,2023-07-22,0
30,2023-07-29,0
30,2023-08-05,0
30,2023-08-12,0
30,2023-08-19,0
30,2023-08-26,0
30,2023-09-02,0
30,2023-09-09,1
30,2023-09-16,1
30,2023-09-23,3
30,2023-09-30,4
30,2023-10-07,0
30,2023-10-14,0
30,2023-10-21,1
30,2023-10-28,0
30,2023-11-04,1
30,2023-11-11,5
31,2022-09-03,8
31,2022-09-10,2
31,2022-09-17,9
31,2022-09-24,2
31,2022-10-01,18
31,2022-10-08,20
31,2022-10-15,11
31,2022-10-22,12
31,2022-10-29,12
31,2022-11-05,31
31,2022-11-12,24
31,2022-11-19,31
31,2022-11-26,60
31,2022-12-03,104
31,2022-12-10,122
31,2022-12-17,166
31,2022-12-24,140
31,2022-12-31,144
31,2023-01-07,99
31,2023-01-14,61
31,2023-01-21,59
31,2023-01-28,22
31,2023-02-04,7
31,2023-02-11,2
31,2023-02-18,6
31,2023-02-25,9
31,2023-03-04,6
31,2023-03-11,14
31,2023-03-18,11
31,2023-03-25,9
31,2023-04-01,10
31,2023-04-08,3
31,2023-04-15,6
31,2023-04-22,7
31,2023-04-29,4
31,2023-05-06,2
31,2023-05-13,4
31,2023-05-20,2
31,2023-05-27,7
31,2023-06-03,3
31,2023-06-10,1
31,2023-06-17,1
31,2023-06-24,1
31,2023-07-01,1
31,2023-07-08,1
31,2023-07-15,0
31,2023-07-22,1
31,2023-07-29,1
31,2023-08-05,1
31,2023-08-12,1
31,2023-08-19,1
31,2023-08-26,3
31,2023-09-02,2
31,2023-09-09,1
31,2023-09-16,0
31,2023-09-23,6
31,2023-09-30,1
31,2023-10-07,5
31,2023-10-14,9
31,2023-10-21,8
31,2023-10-28,7
31,2023-11-04,5
31,2023-11-11,5
32,2022-09-03,4
32,2022-09-10,6
32,2022-09-17,6
32,2022-09-24,10
32,2022-10-01,15
32,2022-10-08,32
32,2022-10-15,12
32,2022-10-22,14
32,2022-10-29,11
32,2022-11-05,29
32,2022-11-12,77
32,2022-11-19,138
32,2022-11-26,230
32,2022-12-03,400
32,2022-12-10,369
32,2022-12-17,251
32,2022-12-24,227
32,2022-12-31,179
32,2023-01-07,116
32,2023-01-14,37
32,2023-01-21,21
32,2023-01-28,11
32,2023-02-04,4
32,2023-02-11,11
32,2023-02-18,12
32,2023-02-25,3
32,2023-03-04,4
32,2023-03-11,3
32,2023-03-18,6
32,2023-03-25,8
32,2023-04-01,4
32,2023-04-08,4
32,2023-04-15,8
32,2023-04-22,0
32,2023-04-29,4
32,2023-05-06,7
32,2023-05-13,6
32,2023-05-20,3
32,2023-05-27,6
32,2023-06-03,6
32,2023-06-10,11
32,2023-06-17,9
32,2023-06-24,8
32,2023-07-01,7
32,2023-07-08,6
32,2023-07-15,10
32,2023-07-22,7
32,2023-07-29,5
32,2023-08-05,6
32,2023-08-12,6
32,2023-08-19,3
32,2023-08-26,4
32,2023-09-02,3
32,2023-09-09,4
32,2023-09-16,0
32,2023-09-23,4
32,2023-09-30,7
32,2023-10-07,5
32,2023-10-14,6
32,2023-10-21,7
32,2023-10-28,8
32,2023-11-04,13
32,2023-11-11,24
33,2022-09-03,0
33,2022-09-10,0
33,2022-09-17,3
33,2022-09-24,1
33,2022-10-01,1
33,2022-10-08,0
33,2022-10-15,0
33,2022-10-22,1
33,2022-10-29,0
33,2022-11-05,3
33,2022-11-12,3
33,2022-11-19,9
33,2022-11-26,9
33,2022-12-03,34
33,2022-12-10,70
33,2022-12-17,83
33,2022-12-24,117
33,2022-12-31,141
33,2023-01-07,108
33,2023-01-14,47
33,2023-01-21,23
33,2023-01-28,19
33,2023-02-04,4
33,2023-02-11,8
33,2023-02-18,4
33,2023-02-25,2
33,2023-03-04,2
33,2023-03-11,4
33,2023-03-18,10
33,2023-03-25,9
33,2023-04-01,9
33,2023-04-08,6
33,2023-04-15,0
33,2023-04-22,1
33,2023-04-29,2
33,2023-05-06,3
33,2023-05-13,1
33,2023-05-20,0
33,2023-05-27,4
33,2023-06-03,1
33,2023-06-10,0
33,2023-06-17,2
33,2023-06-24,0
33,2023-07-01,1
33,2023-07-08,0
33,2023-07-15,1
33,2023-07-22,0
33,2023-07-29,1
33,2023-08-05,1
33,2023-08-12,1
33,2023-08-19,0
33,2023-08-26,0
33,2023-09-02,4
33,2023-09-09,1
33,2023-09-16,0
33,2023-09-23,2
33,2023-09-30,1
33,2023-10-07,2
33,2023-10-14,0
33,2023-10-21,0
33,2023-10-28,2
33,2023-11-04,2
33,2023-11-11,2
34,2022-09-03,10
34,2022-09-10,12
34,2022-09-17,10
34,2022-09-24,15
34,2022-10-01,21
34,2022-10-08,24
34,2022-10-15,32
34,2022-10-22,35
34,2022-10-29,67
34,2022-11-05,166
34,2022-11-12,295
34,2022-11-19,320
34,2022-11-26,513
34,2022-12-03,888
34,2022-12-10,770
34,2022-12-17,620
34,2022-12-24,538
34,2022-12-31,492
34,2023-01-07,351
34,2023-01-14,176
34,2023-01-21,102
34,2023-01-28,79
34,2023-02-04,38
34,2023-02-11,26
34,2023-02-18,53
34,2023-02-25,41
34,2023-03-04,31
34,2023-03-11,22
34,2023-03-18,22
34,2023-03-25,44
34,2023-04-01,39
34,2023-04-08,39
34,2023-04-15,45
34,2023-04-22,35
34,2023-04-29,15
34,2023-05-06,21
34,2023-05-13,21
34,2023-05-20,15
34,2023-05-27,20
34,2023-06-03,25
34,2023-06-10,13
34,2023-06-17,9
34,2023-06-24,12
34,2023-07-01,6
34,2023-07-08,16
34,2023-07-15,7
34,2023-07-22,16
34,2023-07-29,8
34,2023-08-05,15
34,2023-08-12,6
34,2023-08-19,12
34,2023-08-26,16
34,2023-09-02,10
34,2023-09-09,13
34,2023-09-16,10
34,2023-09-23,29
34,2023-09-30,11
34,2023-10-07,17
34,2023-10-14,13
34,2023-10-21,33
34,2023-10-28,44
34,2023-11-04,26
34,2023-11-11,48
35,2022-09-03,17
35,2022-09-10,11
35,2022-09-17,4
35,2022-09-24,6
35,2022-10-01,14
35,2022-10-08,25
35,2022-10-15,24
35,2022-10-22,26
35,2022-10-29,53
35,2022-11-05,90
35,2022-11-12,149
35,2022-11-19,163
35,2022-11-26,176
35,2022-12-03,361
35,2022-12-10,409
35,2022-12-17,342
35,2022-12-24,361
35,2022-12-31,286
35,2023-01-07,179
35,2023-01-14,53
35,2023-01-21,29
35,2023-01-28,21
35,2023-02-04,10
35,2023-02-11,9
35,2023-02-18,3
35,2023-02-25,11
35,2023-03-04,16
35,2023-03-11,5
35,2023-03-18,3
35,2023-03-25,3
35,2023-04-01,9
35,2023-04-08,1
35,2023-04-15,4
35,2023-04-22,8
35,2023-04-29,2
35,2023-05-06,1
35,2023-05-13,1
35,2023-05-20,4
35,2023-05-27,3
35,2023-06-03,2
35,2023-06-10,1
35,2023-06-17,1
35,2023-06-24,1
35,2023-07-01,0
35,2023-07-08,1
35,2023-07-15,0
35,2023-07-22,1
35,2023-07-29,0
35,2023-08-05,2
35,2023-08-12,1
35,2023-08-19,2
35,2023-08-26,1
35,2023-09-02,2
35,2023-09-09,4
35,2023-09-16,11
35,2023-09-23,8
35,2023-09-30,6
35,2023-10-07,6
35,2023-10-14,4
35,2023-10-21,2
35,2023-10-28,2
35,2023-11-04,10
35,2023-11-11,9
36,2022-09-03,23
36,2022-09-10,15
36,2022-09-17,20
36,2022-09-24,11
36,2022-10-01,28
36,2022-10-08,38
36,2022-10-15,48
36,2022-10-22,43
36,2022-10-29,106
36,2022-11-05,190
36,2022-11-12,278
36,2022-11-19,496
36,2022-11-26,789
36,2022-12-03,1326
36,2022-12-10,1498
36,2022-12-17,1719
36,2022-12-24,1526
36,2022-12-31,1309
36,2023-01-07,871
36,2023-01-14,459
36,2023-01-21,255
36,2023-01-28,164
36,2023-02-04,98
36,2023-02-11,95
36,2023-02-18,87
36,2023-02-25,55
36,2023-03-04,49
36,2023-03-11,56
36,2023-03-18,67
36,2023-03-25,72
36,2023-04-01,75
36,2023-04-08,78
36,2023-04-15,75
36,2023-04-22,47
36,2023-04-29,37
36,2023-05-06,52
36,2023-05-13,54
36,2023-05-20,50
36,2023-05-27,61
36,2023-06-03,37
36,2023-06-10,39
36,2023-06-17,37
36,2023-06-24,36
36,2023-07-01,29
36,2023-07-08,23
36,2023-07-15,17
36,2023-07-22,28
36,2023-07-29,19
36,2023-08-05,33
36,2023-08-12,21
36,2023-08-19,15
36,2023-08-26,20
36,2023-09-02,38
36,2023-09-09,21
36,2023-09-16,12
36,2023-09-23,19
36,2023-09-30,48
36,2023-10-07,37
36,2023-10-14,26
36,2023-10-21,37
36,2023-10-28,48
36,2023-11-04,57
36,2023-11-11,88
37,2022-09-03,9
37,2022-09-10,13
37,2022-09-17,17
37,2022-09-24,11
37,2022-10-01,21
37,2022-10-08,20
37,2022-10-15,34
37,2022-10-22,71
37,2022-10-29,185
37,2022-11-05,283
37,2022-11-12,351
37,2022-11-19,369
37,2022-11-26,430
37,2022-12-03,638
37,2022-12-10,395
37,2022-12-17,319
37,2022-12-24,298
37,2022-12-31,300
37,2023-01-07,222
37,2023-01-14,131
37,2023-01-21,63
37,2023-01-28,41
37,2023-02-04,40
37,2023-02-11,56
37,2023-02-18,47
37,2023-02-25,28
37,2023-03-04,34
37,2023-03-11,25
37,2023-03-18,32
37,2023-03-25,20
37,2023-04-01,12
37,2023-04-08,22
37,2023-04-15,25
37,2023-04-22,13
37,2023-04-29,10
37,2023-05-06,7
37,2023-05-13,16
37,2023-05-20,11
37,2023-05-27,5
37,2023-06-03,14
37,2023-06-10,12
37,2023-06-17,18
37,2023-06-24,16
37,2023-07-01,17
37,2023-07-08,10
37,2023-07-15,13
37,2023-07-22,5
37,2023-07-29,9
37,2023-08-05,8
37,2023-08-12,13
37,2023-08-19,14
37,2023-08-26,8
37,2023-09-02,18
37,2023-09-09,7
37,2023-09-16,11
37,2023-09-23,13
37,2023-09-30,14
37,2023-10-07,37
37,2023-10-14,20
37,2023-10-21,17
37,2023-10-28,20
37,2023-11-04,40
37,2023-11-11,49
38,2022-09-03,3
38,2022-09-10,0
38,2022-09-17,0
38,2022-09-24,1
38,2022-10-01,0
38,2022-10-08,0
38,2022-10-15,1
38,2022-10-22,2
38,2022-10-29,2
38,2022-11-05,5
38,2022-11-12,9
38,2022-11-19,12
38,2022-11-26,22
38,2022-12-03,52
38,2022-12-10,54
38,2022-12-17,90
38,2022-12-24,72
38,2022-12-31,82
38,2023-01-07,72
38,2023-01-14,52
38,2023-01-21,28
38,2023-01-28,24
38,2023-02-04,9
38,2023-02-11,16
38,2023-02-18,10
38,2023-02-25,9
38,2023-03-04,5
38,2023-03-11,5
38,2023-03-18,11
38,2023-03-25,0
38,2023-04-01,0
38,2023-04-08,7
38,2023-04-15,5
38,2023-04-22,3
38,2023-04-29,5
38,2023-05-06,7
38,2023-05-13,2
38,2023-05-20,4
38,2023-05-27,3
38,2023-06-03,1
38,2023-06-10,3
38,2023-06-17,2
38,2023-06-24,1
38,2023-07-01,1
38,2023-07-08,2
38,2023-07-15,1
38,2023-07-22,1
38,2023-07-29,1
38,2023-08-05,0
38,2023-08-12,1
38,2023-08-19,0
38,2023-08-26,1
38,2023-09-02,0
38,2023-09-09,0
38,2023-09-16,0
38,2023-09-23,1
38,2023-09-30,3
38,2023-10-07,0
38,2023-10-14,1
38,2023-10-21,1
38,2023-10-28,1
38,2023-11-04,0
38,2023-11-11,2
39,2022-09-03,13
39,2022-09-10,16
39,2022-09-17,7
39,2022-09-24,11
39,2022-10-01,15
39,2022-10-08,18
39,2022-10-15,32
39,2022-10-22,34
39,2022-10-29,106
39,2022-11-05,183
39,2022-11-12,257
39,2022-11-19,311
39,2022-11-26,562
39,2022-12-03,960
39,2022-12-10,959
39,2022-12-17,983
39,2022-12-24,802
39,2022-12-31,711
39,2023-01-07,490
39,2023-01-14,194
39,2023-01-21,111
39,2023-01-28,72
39,2023-02-04,58
39,2023-02-11,49
39,2023-02-18,47
39,2023-02-25,24
39,2023-03-04,23
39,2023-03-11,26
39,2023-03-18,34
39,2023-03-25,29
39,2023-04-01,33
39,2023-04-08,13
39,2023-04-15,25
39,2023-04-22,18
39,2023-04-29,19
39,2023-05-06,17
39,2023-05-13,17
39,2023-05-20,11
39,2023-05-27,14
39,2023-06-03,10
39,2023-06-10,11
39,2023-06-17,11
39,2023-06-24,14
39,2023-07-01,13
39,2023-07-08,9
39,2023-07-15,12
39,2023-07-22,5
39,2023-07-29,9
39,2023-08-05,9
39,2023-08-12,10
39,2023-08-19,8
39,2023-08-26,16
39,2023-09-02,13
39,2023-09-09,15
39,2023-09-16,9
39,2023-09-23,9
39,2023-09-30,16
39,2023-10-07,17
39,2023-10-14,21
39,2023-10-21,25
39,2023-10-28,17
39,2023-11-04,21
39,2023-11-11,27
40,2022-09-03,7
40,2022-09-10,11
40,2022-09-17,13
40,2022-09-24,6
40,2022-10-01,8
40,2022-10-08,7
40,2022-10-15,15
40,2022-10-22,30
40,2022-10-29,59
40,2022-11-05,49
40,2022-11-12,79
40,2022-11-19,157
40,2022-11-26,365
40,2022-12-03,809
40,2022-12-10,868
40,2022-12-17,782
40,2022-12-24,687
40,2022-12-31,716
40,2023-01-07,510
40,2023-01-14,274
40,2023-01-21,169
40,2023-01-28,87
40,2023-02-04,86
40,2023-02-11,54
40,2023-02-18,45
40,2023-02-25,33
40,2023-03-04,32
40,2023-03-11,19
40,2023-03-18,29
40,2023-03-25,23
40,2023-04-01,20
40,2023-04-08,23
40,2023-04-15,19
40,2023-04-22,15
40,2023-04-29,21
40,2023-05-06,10
40,2023-05-13,15
40,2023-05-20,23
40,2023-05-27,20
40,2023-06-03,12
40,2023-06-10,10
40,2023-06-17,15
40,2023-06-24,9
40,2023-07-01,13
40,2023-07-08,12
40,2023-07-15,8
40,2023-07-22,13
40,2023-07-29,14
40,2023-08-05,6
40,2023-08-12,11
40,2023-08-19,21
40,2023-08-26,13
40,2023-09-02,16
40,2023-09-09,16
40,2023-09-16,16
40,2023-09-23,17
40,2023-09-30,26
40,2023-10-07,15
40,2023-10-14,39
40,2023-10-21,22
40,2023-10-28,10
40,2023-11-04,18
40,2023-11-11,37
41,2022-09-03,0
41,2022-09-10,1
41,2022-09-17,0
41,2022-09-24,2
41,2022-10-01,1
41,2022-10-08,0
41,2022-10-15,3
41,2022-10-22,6
41,2022-10-29,5
41,2022-11-05,32
41,2022-11-12,51
41,2022-11-19,113
41,2022-11-26,364
41,2022-12-03,542
41,2022-12-10,658
41,2022-12-17,699
41,2022-12-24,452
41,2022-12-31,362
41,2023-01-07,154
41,2023-01-14,65
41,2023-01-21,32
41,2023-01-28,11
41,2023-02-04,10
41,2023-02-11,7
41,2023-02-18,4
41,2023-02-25,6
41,2023-03-04,5
41,2023-03-11,6
41,2023-03-18,9
41,2023-03-25,3
41,2023-04-01,4
41,2023-04-08,5
41,2023-04-15,3
41,2023-04-22,1
41,2023-04-29,5
41,2023-05-06,2
41,2023-05-13,0
41,2023-05-20,2
41,2023-05-27,3
41,2023-06-03,3
41,2023-06-10,6
41,2023-06-17,2
41,2023-06-24,5
41,2023-07-01,1
41,2023-07-08,2
41,2023-07-15,5
41,2023-07-22,3
41,2023-07-29,2
41,2023-08-05,3
41,2023-08-12,4
41,2023-08-19,3
41,2023-08-26,4
41,2023-09-02,2
41,2023-09-09,3
41,2023-09-16,6
41,2023-09-23,6
41,2023-09-30,6
41,2023-10-07,6
41,2023-10-14,6
41,2023-10-21,8
41,2023-10-28,14
41,2023-11-04,6
41,2023-11-11,11
42,2022-09-03,32
42,2022-09-10,38
42,2022-09-17,32
42,2022-09-24,34
42,2022-10-01,45
42,2022-10-08,59
42,2022-10-15,77
42,2022-10-22,91
42,2022-10-29,169
42,2022-11-05,232
42,2022-11-12,353
42,2022-11-19,423
42,2022-11-26,725
42,2022-12-03,1338
42,2022-12-10,1186
42,2022-12-17,1050
42,2022-12-24,1054
42,2022-12-31,1076
42,2023-01-07,814
42,2023-01-14,455
42,2023-01-21,305
42,2023-01-28,235
42,2023-02-04,190
42,2023-02-11,178
42,2023-02-18,197
42,2023-02-25,166
42,2023-03-04,169
42,2023-03-11,177
42,2023-03-18,163
42,2023-03-25,154
42,2023-04-01,105
42,2023-04-08,65
42,2023-04-15,66
42,2023-04-22,82
42,2023-04-29,80
42,2023-05-06,47
42,2023-05-13,62
42,2023-05-20,54
42,2023-05-27,57
42,2023-06-03,66
42,2023-06-10,60
42,2023-06-17,55
42,2023-06-24,47
42,2023-07-01,47
42,2023-07-08,46
42,2023-07-15,41
42,2023-07-22,37
42,2023-07-29,39
42,2023-08-05,51
42,2023-08-12,37
42,2023-08-19,38
42,2023-08-26,45
42,2023-09-02,42
42,2023-09-09,43
42,2023-09-16,48
42,2023-09-23,50
42,2023-09-30,60
42,2023-10-07,41
42,2023-10-14,42
42,2023-10-21,43
42,2023-10-28,50
42,2023-11-04,39
42,2023-11-11,82
44,2022-09-03,0
44,2022-09-10,0
44,2022-09-17,0
44,2022-09-24,0
44,2022-10-01,1
44,2022-10-08,1
44,2022-10-15,0
44,2022-10-22,2
44,2022-10-29,0
44,2022-11-05,3
44,2022-11-12,6
44,2022-11-19,3
44,2022-11-26,14
44,2022-12-03,22
44,2022-12-10,54
44,2022-12-17,41
44,2022-12-24,62
44,2022-12-31,51
44,2023-01-07,37
44,2023-01-14,9
44,2023-01-21,16
44,2023-01-28,10
44,2023-02-04,4
44,2023-02-11,1
44,2023-02-18,2
44,2023-02-25,2
44,2023-03-04,1
44,2023-03-11,0
44,2023-03-18,1
44,2023-03-25,2
44,2023-04-01,0
44,2023-04-08,0
44,2023-04-15,1
44,2023-04-22,1
44,2023-04-29,1
44,2023-05-06,0
44,2023-05-13,4
44,2023-05-20,0
44,2023-05-27,3
44,2023-06-03,1
44,2023-06-10,1
44,2023-06-17,2
44,2023-06-24,0
44,2023-07-01,1
44,2023-07-08,2
44,2023-07-15,0
44,2023-07-22,0
44,2023-07-29,0
44,2023-08-05,0
44,2023-08-12,0
44,2023-08-19,0
44,2023-08-26,0
44,2023-09-02,0
44,2023-09-09,0
44,2023-09-16,2
44,2023-09-23,1
44,2023-09-30,0
44,2023-10-07,1
44,2023-10-14,1
44,2023-10-21,0
44,2023-10-28,1
44,2023-11-04,0
44,2023-11-11,2
45,2022-09-03,13
45,2022-09-10,8
45,2022-09-17,9
45,2022-09-24,17
45,2022-10-01,18
45,2022-10-08,33
45,2022-10-15,42
45,2022-10-22,70
45,2022-10-29,156
45,2022-11-05,248
45,2022-11-12,256
45,2022-11-19,228
45,2022-11-26,215
45,2022-12-03,245
45,2022-12-10,160
45,2022-12-17,149
45,2022-12-24,118
45,2022-12-31,160
45,2023-01-07,141
45,2023-01-14,79
45,2023-01-21,58
45,2023-01-28,41
45,2023-02-04,40
45,2023-02-11,46
45,2023-02-18,43
45,2023-02-25,41
45,2023-03-04,29
45,2023-03-11,31
45,2023-03-18,21
45,2023-03-25,24
45,2023-04-01,20
45,2023-04-08,24
45,2023-04-15,22
45,2023-04-22,21
45,2023-04-29,27
45,2023-05-06,17
45,2023-05-13,23
45,2023-05-20,21
45,2023-05-27,17
45,2023-06-03,26
45,2023-06-10,21
45,2023-06-17,24
45,2023-06-24,23
45,2023-07-01,20
45,2023-07-08,14
45,2023-07-15,18
45,2023-07-22,16
45,2023-07-29,20
45,2023-08-05,18
45,2023-08-12,8
45,2023-08-19,15
45,2023-08-26,20
45,2023-09-02,9
45,2023-09-09,22
45,2023-09-16,26
45,2023-09-23,31
45,2023-09-30,29
45,2023-10-07,22
45,2023-10-14,26
45,2023-10-21,32
45,2023-10-28,21
45,2023-11-04,45
45,2023-11-11,51
46,2022-09-03,7
46,2022-09-10,7
46,2022-09-17,7
46,2022-09-24,7
46,2022-10-01,10
46,2022-10-08,10
46,2022-10-15,12
46,2022-10-22,13
46,2022-10-29,9
46,2022-11-05,9
46,2022-11-12,13
46,2022-11-19,24
46,2022-11-26,58
46,2022-12-03,73
46,2022-12-10,84
46,2022-12-17,96
46,2022-12-24,80
46,2022-12-31,54
46,2023-01-07,68
46,2023-01-14,14
46,2023-01-21,11
46,2023-01-28,15
46,2023-02-04,15
46,2023-02-11,7
46,2023-02-18,13
46,2023-02-25,4
46,2023-03-04,7
46,2023-03-11,13
46,2023-03-18,15
46,2023-03-25,20
46,2023-04-01,12
46,2023-04-08,13
46,2023-04-15,4
46,2023-04-22,4
46,2023-04-29,3
46,2023-05-06,7
46,2023-05-13,7
46,2023-05-20,2
46,2023-05-27,1
46,2023-06-03,3
46,2023-06-10,2
46,2023-06-17,2
46,2023-06-24,0
46,2023-07-01,2
46,2023-07-08,3
46,2023-07-15,0
46,2023-07-22,0
46,2023-07-29,0
46,2023-08-05,0
46,2023-08-12,0
46,2023-08-19,2
46,2023-08-26,0
46,2023-09-02,1
46,2023-09-09,3
46,2023-09-16,0
46,2023-09-23,0
46,2023-09-30,2
46,2023-10-07,0
46,2023-10-14,0
46,2023-10-21,2
46,2023-10-28,3
46,2023-11-04,1
46,2023-11-11,2
47,2022-09-03,15
47,2022-09-10,25
47,2022-09-17,18
47,2022-09-24,33
47,2022-10-01,40
47,2022-10-08,44
47,2022-10-15,62
47,2022-10-22,89
47,2022-10-29,126
47,2022-11-05,240
47,2022-11-12,321
47,2022-11-19,289
47,2022-11-26,480
47,2022-12-03,690
47,2022-12-10,489
47,2022-12-17,262
47,2022-12-24,228
47,2022-12-31,248
47,2023-01-07,174
47,2023-01-14,100
47,2023-01-21,73
47,2023-01-28,42
47,2023-02-04,44
47,2023-02-11,28
47,2023-02-18,48
47,2023-02-25,43
47,2023-03-04,41
47,2023-03-11,27
47,2023-03-18,29
47,2023-03-25,31
47,2023-04-01,45
47,2023-04-08,29
47,2023-04-15,25
47,2023-04-22,22
47,2023-04-29,18
47,2023-05-06,24
47,2023-05-13,15
47,2023-05-20,14
47,2023-05-27,27
47,2023-06-03,20
47,2023-06-10,27
47,2023-06-17,23
47,2023-06-24,13
47,2023-07-01,24
47,2023-07-08,21
47,2023-07-15,23
47,2023-07-22,23
47,2023-07-29,16
47,2023-08-05,22
47,2023-08-12,26
47,2023-08-19,26
47,2023-08-26,23
47,2023-09-02,27
47,2023-09-09,46
47,2023-09-16,34
47,2023-09-23,24
47,2023-09-30,45
47,2023-10-07,29
47,2023-10-14,32
47,2023-10-21,43
47,2023-10-28,44
47,2023-11-04,44
47,2023-11-11,48
48,2022-09-03,95
48,2022-09-10,113
48,2022-09-17,123
48,2022-09-24,129
48,2022-10-01,129
48,2022-10-08,225
48,2022-10-15,311
48,2022-10-22,481
48,2022-10-29,708
48,2022-11-05,968
48,2022-11-12,1117
48,2022-11-19,1178
48,2022-11-26,1802
48,2022-12-03,2213
48,2022-12-10,1796
48,2022-12-17,1524
48,2022-12-24,1249
48,2022-12-31,1380
48,2023-01-07,1251
48,2023-01-14,772
48,2023-01-21,495
48,2023-01-28,348
48,2023-02-04,261
48,2023-02-11,272
48,2023-02-18,245
48,2023-02-25,208
48,2023-03-04,160
48,2023-03-11,157
48,2023-03-18,161
48,2023-03-25,131
48,2023-04-01,143
48,2023-04-08,128
48,2023-04-15,114
48,2023-04-22,102
48,2023-04-29,110
48,2023-05-06,111
48,2023-05-13,100
48,2023-05-20,97
48,2023-05-27,79
48,2023-06-03,83
48,2023-06-10,75
48,2023-06-17,93
48,2023-06-24,109
48,2023-07-01,87
48,2023-07-08,79
48,2023-07-15,96
48,2023-07-22,86
48,2023-07-29,79
48,2023-08-05,95
48,2023-08-12,119
48,2023-08-19,124
48,2023-08-26,103
48,2023-09-02,126
48,2023-09-09,110
48,2023-09-16,128
48,2023-09-23,127
48,2023-09-30,123
48,2023-10-07,112
48,2023-10-14,168
48,2023-10-21,242
48,2023-10-28,246
48,2023-11-04,337
48,2023-11-11,429
49,2022-09-03,1
49,2022-09-10,1
49,2022-09-17,0
49,2022-09-24,1
49,2022-10-01,0
49,2022-10-08,0
49,2022-10-15,3
49,2022-10-22,6
49,2022-10-29,12
49,2022-11-05,6
49,2022-11-12,12
49,2022-11-19,8
49,2022-11-26,29
49,2022-12-03,34
49,2022-12-10,60
49,2022-12-17,41
49,2022-12-24,63
49,2022-12-31,83
49,2023-01-07,66
49,2023-01-14,22
49,2023-01-21,22
49,2023-01-28,7
49,2023-02-04,7
49,2023-02-11,7
49,2023-02-18,3
49,2023-02-25,4
49,2023-03-04,3
49,2023-03-11,7
49,2023-03-18,3
49,2023-03-25,3
49,2023-04-01,3
49,2023-04-08,6
49,2023-04-15,3
49,2023-04-22,6
49,2023-04-29,0
49,2023-05-06,4
49,2023-05-13,6
49,2023-05-20,4
49,2023-05-27,5
49,2023-06-03,1
49,2023-06-10,1
49,2023-06-17,4
49,2023-06-24,3
49,2023-07-01,3
49,2023-07-08,1
49,2023-07-15,3
49,2023-07-22,0
49,2023-07-29,1
49,2023-08-05,1
49,2023-08-12,1
49,2023-08-19,0
49,2023-08-26,0
49,2023-09-02,1
49,2023-09-09,2
49,2023-09-16,3
49,2023-09-23,2
49,2023-09-30,4
49,2023-10-07,4
49,2023-10-14,3
49,2023-10-21,9
49,2023-10-28,5
49,2023-11-04,9
49,2023-11-11,5
50,2022-09-03,1
50,2022-09-10,0
50,2022-09-17,0
50,2022-09-24,0
50,2022-10-01,0
50,2022-10-08,1
50,2022-10-15,0
50,2022-10-22,1
50,2022-10-29,1
50,2022-11-05,0
50,2022-11-12,1
50,2022-11-19,2
50,2022-11-26,13
50,2022-12-03,31
50,2022-12-10,45
50,2022-12-17,56
50,2022-12-24,64
50,2022-12-31,81
50,2023-01-07,51
50,2023-01-14,12
50,2023-01-21,10
50,2023-01-28,5
50,2023-02-04,3
50,2023-02-11,0
50,2023-02-18,2
50,2023-02-25,2
50,2023-03-04,1
50,2023-03-11,5
50,2023-03-18,2
50,2023-03-25,4
50,2023-04-01,0
50,2023-04-08,0
50,2023-04-15,1
50,2023-04-22,0
50,2023-04-29,2
50,2023-05-06,0
50,2023-05-13,0
50,2023-05-20,2
50,2023-05-27,0
50,2023-06-03,0
50,2023-06-10,0
50,2023-06-17,0
50,2023-06-24,0
50,2023-07-01,1
50,2023-07-08,0
50,2023-07-15,0
50,2023-07-22,0
50,2023-07-29,0
50,2023-08-05,0
50,2023-08-12,0
50,2023-08-19,0
50,2023-08-26,0
50,2023-09-02,0
50,2023-09-09,1
50,2023-09-16,0
50,2023-09-23,1
50,2023-09-30,1
50,2023-10-07,0
50,2023-10-14,0
50,2023-10-21,2
50,2023-10-28,0
50,2023-11-04,0
50,2023-11-11,2
51,2022-09-03,29
51,2022-09-10,20
51,2022-09-17,27
51,2022-09-24,16
51,2022-10-01,29
51,2022-10-08,48
51,2022-10-15,53
51,2022-10-22,77
51,2022-10-29,172
51,2022-11-05,307
51,2022-11-12,339
51,2022-11-19,262
51,2022-11-26,396
51,2022-12-03,499
51,2022-12-10,368
51,2022-12-17,287
51,2022-12-24,269
51,2022-12-31,280
51,2023-01-07,233
51,2023-01-14,119
51,2023-01-21,72
51,2023-01-28,60
51,2023-02-04,62
51,2023-02-11,64
51,2023-02-18,57
51,2023-02-25,61
51,2023-03-04,57
51,2023-03-11,40
51,2023-03-18,60
51,2023-03-25,50
51,2023-04-01,49
51,2023-04-08,54
51,2023-04-15,35
51,2023-04-22,45
51,2023-04-29,31
51,2023-05-06,52
51,2023-05-13,44
51,2023-05-20,35
51,2023-05-27,50
51,2023-06-03,36
51,2023-06-10,27
51,2023-06-17,27
51,2023-06-24,22
51,2023-07-01,39
51,2023-07-08,39
51,2023-07-15,30
51,2023-07-22,22
51,2023-07-29,19
51,2023-08-05,31
51,2023-08-12,32
51,2023-08-19,35
51,2023-08-26,28
51,2023-09-02,30
51,2023-09-09,40
51,2023-09-16,31
51,2023-09-23,45
51,2023-09-30,59
51,2023-10-07,50
51,2023-10-14,54
51,2023-10-21,72
51,2023-10-28,61
51,2023-11-04,51
51,2023-11-11,83
53,2022-09-03,8
53,2022-09-10,10
53,2022-09-17,16
53,2022-09-24,7
53,2022-10-01,11
53,2022-10-08,15
53,2022-10-15,13
53,2022-10-22,21
53,2022-10-29,33
53,2022-11-05,43
53,2022-11-12,89
53,2022-11-19,243
53,2022-11-26,544
53,2022-12-03,732
53,2022-12-10,681
53,2022-12-17,763
53,2022-12-24,405
53,2022-12-31,384
53,2023-01-07,231
53,2023-01-14,144
53,2023-01-21,77
53,2023-01-28,66
53,2023-02-04,42
53,2023-02-11,47
53,2023-02-18,31
53,2023-02-25,38
53,2023-03-04,58
53,2023-03-11,47
53,2023-03-18,28
53,2023-03-25,28
53,2023-04-01,32
53,2023-04-08,26
53,2023-04-15,27
53,2023-04-22,18
53,2023-04-29,14
53,2023-05-06,13
53,2023-05-13,10
53,2023-05-20,13
53,2023-05-27,15
53,2023-06-03,17
53,2023-06-10,32
53,2023-06-17,20
53,2023-06-24,17
53,2023-07-01,19
53,2023-07-08,18
53,2023-07-15,19
53,2023-07-22,18
53,2023-07-29,18
53,2023-08-05,20
53,2023-08-12,17
53,2023-08-19,25
53,2023-08-26,20
53,2023-09-02,42
53,2023-09-09,37
53,2023-09-16,30
53,2023-09-23,31
53,2023-09-30,45
53,2023-10-07,43
53,2023-10-14,40
53,2023-10-21,21
53,2023-10-28,9
53,2023-11-04,17
53,2023-11-11,18
54,2022-09-03,2
54,2022-09-10,0
54,2022-09-17,1
54,2022-09-24,1
54,2022-10-01,1
54,2022-10-08,5
54,2022-10-15,11
54,2022-10-22,16
54,2022-10-29,56
54,2022-11-05,89
54,2022-11-12,127
54,2022-11-19,136
54,2022-11-26,189
54,2022-12-03,318
54,2022-12-10,246
54,2022-12-17,199
54,2022-12-24,155
54,2022-12-31,172
54,2023-01-07,161
54,2023-01-14,48
54,2023-01-21,14
54,2023-01-28,21
54,2023-02-04,22
54,2023-02-11,16
54,2023-02-18,9
54,2023-02-25,14
54,2023-03-04,9
54,2023-03-11,4
54,2023-03-18,8
54,2023-03-25,16
54,2023-04-01,9
54,2023-04-08,7
54,2023-04-15,7
54,2023-04-22,4
54,2023-04-29,5
54,2023-05-06,4
54,2023-05-13,5
54,2023-05-20,9
54,2023-05-27,10
54,2023-06-03,5
54,2023-06-10,8
54,2023-06-17,6
54,2023-06-24,2
54,2023-07-01,3
54,2023-07-08,0
54,2023-07-15,1
54,2023-07-22,0
54,2023-07-29,3
54,2023-08-05,1
54,2023-08-12,0
54,2023-08-19,9
54,2023-08-26,2
54,2023-09-02,1
54,2023-09-09,2
54,2023-09-16,6
54,2023-09-23,5
54,2023-09-30,7
54,2023-10-07,2
54,2023-10-14,3
54,2023-10-21,3
54,2023-10-28,4
54,2023-11-04,7
54,2023-11-11,14
55,2022-09-03,3
55,2022-09-10,0
55,2022-09-17,0
55,2022-09-24,4
55,2022-10-01,1
55,2022-10-08,1
55,2022-10-15,2
55,2022-10-22,11
55,2022-10-29,15
55,2022-11-05,33
55,2022-11-12,45
55,2022-11-19,89
55,2022-11-26,237
55,2022-12-03,461
55,2022-12-10,481
55,2022-12-17,488
55,2022-12-24,458
55,2022-12-31,486
55,2023-01-07,337
55,2023-01-14,173
55,2023-01-21,108
55,2023-01-28,51
55,2023-02-04,22
55,2023-02-11,23
55,2023-02-18,11
55,2023-02-25,6
55,2023-03-04,7
55,2023-03-11,10
55,2023-03-18,6
55,2023-03-25,9
55,2023-04-01,4
55,2023-04-08,10
55,2023-04-15,10
55,2023-04-22,5
55,2023-04-29,0
55,2023-05-06,7
55,2023-05-13,5
55,2023-05-20,2
55,2023-05-27,2
55,2023-06-03,7
55,2023-06-10,11
55,2023-06-17,4
55,2023-06-24,1
55,2023-07-01,5
55,2023-07-08,4
55,2023-07-15,8
55,2023-07-22,9
55,2023-07-29,2
55,2023-08-05,1
55,2023-08-12,5
55,2023-08-19,2
55,2023-08-26,1
55,2023-09-02,4
55,2023-09-09,1
55,2023-09-16,3
55,2023-09-23,0
55,2023-09-30,9
55,2023-10-07,10
55,2023-10-14,3
55,2023-10-21,4
55,2023-10-28,7
55,2023-11-04,14
55,2023-11-11,20
56,2022-09-03,0
56,2022-09-10,0
56,2022-09-17,0
56,2022-09-24,0
56,2022-10-01,0
56,2022-10-08,1
56,2022-10-15,2
56,2022-10-22,2
56,2022-10-29,4
56,2022-11-05,8
56,2022-11-12,11
56,2022-11-19,43
56,2022-11-26,38
56,2022-12-03,79
56,2022-12-10,49
56,2022-12-17,44
56,2022-12-24,50
56,2022-12-31,51
56,2023-01-07,32
56,2023-01-14,16
56,2023-01-21,14
56,2023-01-28,5
56,2023-02-04,6
56,2023-02-11,2
56,2023-02-18,2
56,2023-02-25,0
56,2023-03-04,1
56,2023-03-11,2
56,2023-03-18,2
56,2023-03-25,0
56,2023-04-01,1
56,2023-04-08,2
56,2023-04-15,3
56,2023-04-22,0
56,2023-04-29,1
56,2023-05-06,2
56,2023-05-13,1
56,2023-05-20,1
56,2023-05-27,0
56,2023-06-03,1
56,2023-06-10,1
56,2023-06-17,1
56,2023-06-24,1
56,2023-07-01,0
56,2023-07-08,1
56,2023-07-15,0
56,2023-07-22,0
56,2023-07-29,2
56,2023-08-05,0
56,2023-08-12,1
56,2023-08-19,0
56,2023-08-26,0
56,2023-09-02,0
56,2023-09-09,0
56,2023-09-16,0
56,2023-09-23,0
56,2023-09-30,2
56,2023-10-07,6
56,2023-10-14,4
56,2023-10-21,5
56,2023-10-28,0
56,2023-11-04,1
56,2023-11-11,5
72,2022-09-03,28
72,2022-09-10,39
72,2022-09-17,47
72,2022-09-24,43
72,2022-10-01,49
72,2022-10-08,40
72,2022-10-15,54
72,2022-10-22,54
72,2022-10-29,73
72,2022-11-05,103
72,2022-11-12,102
72,2022-11-19,85
72,2022-11-26,101
72,2022-12-03,88
72,2022-12-10,93
72,2022-12-17,68
72,2022-12-24,115
72,2022-12-31,62
72,2023-01-07,60
72,2023-01-14,84
72,2023-01-21,47
72,2023-01-28,57
72,2023-02-04,55
72,2023-02-11,67
72,2023-02-18,44
72,2023-02-25,32
72,2023-03-04,22
72,2023-03-11,16
72,2023-03-18,11
72,2023-03-25,25
72,2023-04-01,42
72,2023-04-08,33
72,2023-04-15,34
72,2023-04-22,33
72,2023-04-29,36
72,2023-05-06,47
72,2023-05-13,43
72,2023-05-20,59
72,2023-05-27,60
72,2023-06-03,73
72,2023-06-10,61
72,2023-06-17,50
72,2023-06-24,58
72,2023-07-01,52
72,2023-07-08,39
72,2023-07-15,42
72,2023-07-22,33
72,2023-07-29,42
72,2023-08-05,29
72,2023-08-12,39
72,2023-08-19,30
72,2023-08-26,52
72,2023-09-02,59
72,2023-09-09,54
72,2023-09-16,59
72,2023-09-23,85
72,2023-09-30,100
72,2023-10-07,109
72,2023-10-14,103
72,2023-10-21,112
72,2023-10-28,164
72,2023-11-04,144
72,2023-11-11,148
US,2022-09-03,601
US,2022-09-10,615
US,2022-09-17,658
US,2022-09-24,696
US,2022-10-01,891
US,2022-10-08,1276
US,2022-10-15,1618
US,2022-10-22,2243
US,2022-10-29,4108
US,2022-11-05,6303
US,2022-11-12,8521
US,2022-11-19,10894
US,2022-11-26,18163
US,2022-12-03,26602
US,2022-12-10,24098
US,2022-12-17,21591
US,2022-12-24,19637
US,2022-12-31,19465
US,2023-01-07,14024
US,2023-01-14,7194
US,2023-01-21,4440
US,2023-01-28,3010
US,2023-02-04,2359
US,2023-02-11,2164
US,2023-02-18,1897
US,2023-02-25,1655
US,2023-03-04,1495
US,2023-03-11,1372
US,2023-03-18,1428
US,2023-03-25,1300
US,2023-04-01,1275
US,2023-04-08,1200
US,2023-04-15,1055
US,2023-04-22,986
US,2023-04-29,906
US,2023-05-06,909
US,2023-05-13,974
US,2023-05-20,902
US,2023-05-27,940
US,2023-06-03,932
US,2023-06-10,923
US,2023-06-17,854
US,2023-06-24,814
US,2023-07-01,802
US,2023-07-08,671
US,2023-07-15,709
US,2023-07-22,609
US,2023-07-29,657
US,2023-08-05,678
US,2023-08-12,700
US,2023-08-19,741
US,2023-08-26,774
US,2023-09-02,868
US,2023-09-09,808
US,2023-09-16,829
US,2023-09-23,976
US,2023-09-30,1120
US,2023-10-07,1145
US,2023-10-14,1240
US,2023-10-21,1482
US,2023-10-28,1605
US,2023-11-04,2013
US,2023-11-11,2763
